id,username,email,created_at
1,clearanchor10,clearanchor10@example.com,2024-05-12 21:48:17
2,warmuplink72,warmuplink72@relay.cloud,2024-11-13 17:41:40
3,cobaltanchor00,cobaltanchor00@acme.dev,2024-11-20 16:20:14
4,emberharvest21,emberharvest21@hackstack.io,2024-02-04 07:43:01
5,urbanpioneer69,urbanpioneer69@relay.cloud,2025-07-07 20:36:48
6,prouduplink09,prouduplink09@example.com,2024-11-29 15:59:13
7,calmisland02,calmisland02@relay.cloud,2025-06-04 12:41:27
8,emberfield36,emberfield36@relay.cloud,2024-01-02 10:34:34
9,clearyard32,clearyard32@opswise.net,2025-09-28 22:07:03
10,briskdelta30,briskdelta30@opswise.net,2024-10-05 01:47:23
11,cobaltorbit33,cobaltorbit33@seeded.app,2025-11-04 10:37:57
12,forestvalley63,forestvalley63@seeded.app,2024-11-05 21:11:49
13,cobaltbeacon54,cobaltbeacon54@hackstack.io,2025-10-21 15:42:18
14,goldpioneer75,goldpioneer75@opswise.net,2026-01-16 18:41:02
15,amberquartz84,amberquartz84@opswise.net,2025-11-06 05:24:38
16,livelyengine80,livelyengine80@hackstack.io,2025-01-20 22:27:39
17,clearbeacon81,clearbeacon81@acme.dev,2025-07-31 22:40:06
18,quietfield21,quietfield21@example.com,2025-01-09 02:49:06
19,quietwindow49,quietwindow49@seeded.app,2025-12-27 12:40:01
20,jadeengine26,jadeengine26@opswise.net,2024-08-09 23:19:55
21,urbanpioneer77,urbanpioneer77@seeded.app,2025-09-13 11:18:40
22,cobaltengine06,cobaltengine06@opswise.net,2024-04-13 04:47:42
23,cobaltgarden72,cobaltgarden72@opswise.net,2024-04-26 22:13:44
24,tidyorbit47,tidyorbit47@hackstack.io,2024-06-20 07:07:11
25,mellowuplink72,mellowuplink72@hackstack.io,2024-08-28 01:51:47
26,rapidfield99,rapidfield99@acme.dev,2024-07-20 04:44:16
27,forestvalley19,forestvalley19@hackstack.io,2025-07-04 14:29:22
28,rapiddelta38,rapiddelta38@example.com,2025-04-05 03:07:53
29,rapidvalley44,rapidvalley44@acme.dev,2025-04-16 22:56:13
30,livelyriver78,livelyriver78@example.com,2025-11-30 06:42:17
31,cobaltzenith21,cobaltzenith21@opswise.net,2025-06-28 00:01:18
32,silverfield66,silverfield66@opswise.net,2025-11-08 00:02:27
33,briskorbit18,briskorbit18@hackstack.io,2025-02-07 09:00:46
34,emberzenith68,emberzenith68@seeded.app,2025-03-30 07:06:19
35,jadebeacon36,jadebeacon36@example.com,2025-03-09 17:25:49
36,quietriver64,quietriver64@example.com,2024-02-05 12:47:19
37,cobaltvalley92,cobaltvalley92@example.com,2024-10-23 07:55:26
38,clearlagoon68,clearlagoon68@acme.dev,2024-05-29 21:20:02
39,navyisland58,navyisland58@seeded.app,2025-05-03 18:45:17
40,harborharvest77,harborharvest77@example.com,2025-01-31 06:24:17
41,mellowzenith50,mellowzenith50@hackstack.io,2024-10-06 00:28:57
42,briskanchor47,briskanchor47@relay.cloud,2024-06-16 10:36:04
43,ivorykernel08,ivorykernel08@example.com,2024-05-05 23:48:29
44,emberuplink68,emberuplink68@relay.cloud,2025-05-23 01:36:18
45,vividuplink41,vividuplink41@example.com,2024-10-26 08:51:18
46,forestkernel65,forestkernel65@opswise.net,2025-04-25 09:35:12
47,cobaltpioneer09,cobaltpioneer09@seeded.app,2024-10-14 19:25:18
48,warmwindow24,warmwindow24@seeded.app,2025-04-01 08:28:08
49,cobaltgarden91,cobaltgarden91@hackstack.io,2024-07-17 01:46:37
50,rapidorbit36,rapidorbit36@opswise.net,2025-01-21 08:22:28
51,prouduplink21,prouduplink21@relay.cloud,2024-01-22 18:40:02
52,silveryard36,silveryard36@example.com,2025-03-01 19:56:08
53,jadefield23,jadefield23@opswise.net,2024-07-02 22:39:20
54,goldyard91,goldyard91@opswise.net,2024-10-02 15:39:50
55,opalbeacon08,opalbeacon08@relay.cloud,2025-03-15 05:14:31
56,emberbeacon57,emberbeacon57@opswise.net,2025-01-09 12:25:56
57,briskyard28,briskyard28@opswise.net,2025-01-05 04:43:03
58,clearbeacon47,clearbeacon47@opswise.net,2025-09-01 22:06:04
59,cleardelta33,cleardelta33@seeded.app,2025-01-15 12:56:30
60,quietcanyon39,quietcanyon39@hackstack.io,2026-01-13 03:28:20
61,keenyard24,keenyard24@opswise.net,2025-11-03 10:51:17
62,vividorbit27,vividorbit27@acme.dev,2025-04-01 10:14:56
63,harborisland88,harborisland88@relay.cloud,2025-08-22 03:52:31
64,livelygarden62,livelygarden62@opswise.net,2025-04-26 07:19:20
65,ivorykernel06,ivorykernel06@opswise.net,2024-10-06 08:35:15
66,urbangarden85,urbangarden85@acme.dev,2024-06-05 23:14:40
67,quietuplink33,quietuplink33@example.com,2025-07-23 03:35:11
68,navypioneer06,navypioneer06@relay.cloud,2026-01-29 16:37:49
69,opaltrail34,opaltrail34@opswise.net,2024-02-11 11:33:41
70,forestbeacon95,forestbeacon95@hackstack.io,2024-12-17 13:56:36
71,livelyriver21,livelyriver21@relay.cloud,2024-09-14 06:48:56
72,opaltrail37,opaltrail37@opswise.net,2024-05-31 22:32:45
73,calmcanyon04,calmcanyon04@opswise.net,2024-03-04 17:30:08
74,embernetwork73,embernetwork73@relay.cloud,2025-08-18 14:48:17
75,warmanchor24,warmanchor24@opswise.net,2025-09-20 07:11:01
76,amberanchor90,amberanchor90@acme.dev,2024-09-01 20:26:35
77,embernetwork83,embernetwork83@example.com,2024-06-25 21:55:09
78,calmwindow01,calmwindow01@seeded.app,2024-08-23 18:15:45
79,goldpioneer06,goldpioneer06@acme.dev,2025-02-03 09:58:22
80,jadegarden31,jadegarden31@seeded.app,2026-01-17 09:46:12
81,proudmeadow65,proudmeadow65@example.com,2025-01-16 01:43:11
82,calmwindow94,calmwindow94@opswise.net,2024-05-29 17:17:36
83,dawnnetwork19,dawnnetwork19@hackstack.io,2025-07-02 07:10:32
84,quietvalley13,quietvalley13@seeded.app,2025-11-23 21:55:39
85,keenengine81,keenengine81@acme.dev,2025-09-12 08:30:40
86,proudriver10,proudriver10@opswise.net,2025-05-10 08:06:38
87,mellowwindow58,mellowwindow58@seeded.app,2025-01-16 22:09:56
88,dawnmeadow71,dawnmeadow71@seeded.app,2026-01-02 11:18:34
89,briskpioneer19,briskpioneer19@acme.dev,2024-01-27 12:17:46
90,urbanvalley20,urbanvalley20@hackstack.io,2026-01-24 04:27:01
91,dawnwindow77,dawnwindow77@acme.dev,2024-10-12 13:00:49
92,quietgarden71,quietgarden71@example.com,2024-09-03 13:44:22
93,keenharvest54,keenharvest54@acme.dev,2024-09-16 22:45:12
94,cobaltwindow76,cobaltwindow76@opswise.net,2024-04-09 10:40:52
95,cobaltdelta97,cobaltdelta97@example.com,2024-04-14 11:20:35
96,cobaltwindow76,cobaltwindow76@relay.cloud,2024-06-13 21:43:25
97,silversignal81,silversignal81@seeded.app,2026-01-16 23:40:51
98,briskfield28,briskfield28@hackstack.io,2025-07-15 15:29:00
99,keenengine40,keenengine40@hackstack.io,2025-03-25 15:49:54
100,warmfield54,warmfield54@acme.dev,2024-04-07 10:38:38
101,mellowzenith01,mellowzenith01@hackstack.io,2025-03-18 18:13:15
102,dawnkernel64,dawnkernel64@example.com,2025-01-27 05:41:28
103,livelyzenith69,livelyzenith69@relay.cloud,2025-08-11 01:02:09
104,cobaltsignal39,cobaltsignal39@hackstack.io,2024-12-30 05:21:28
105,keendelta07,keendelta07@relay.cloud,2025-09-12 09:35:16
106,quietnetwork05,quietnetwork05@hackstack.io,2024-06-03 10:07:47
107,calmriver25,calmriver25@relay.cloud,2024-05-18 06:40:58
108,clearvalley42,clearvalley42@example.com,2025-08-11 22:02:04
109,calmfield27,calmfield27@seeded.app,2025-02-18 15:17:45
110,embervalley47,embervalley47@hackstack.io,2024-02-21 08:25:42
111,cobaltuplink42,cobaltuplink42@example.com,2025-07-08 04:23:00
112,calmfield34,calmfield34@hackstack.io,2024-06-08 14:57:39
113,rapidfield61,rapidfield61@seeded.app,2025-01-06 00:06:10
114,dawncanyon69,dawncanyon69@example.com,2024-03-01 03:48:31
115,mellowriver92,mellowriver92@seeded.app,2025-07-22 06:54:52
116,opalquartz40,opalquartz40@example.com,2025-04-28 02:57:00
117,clearanchor35,clearanchor35@hackstack.io,2025-08-25 15:57:00
118,proudengine34,proudengine34@example.com,2024-09-02 20:09:37
119,mellowwindow46,mellowwindow46@seeded.app,2024-11-09 23:20:33
120,amberriver44,amberriver44@hackstack.io,2025-01-30 12:22:46
121,rapidfield95,rapidfield95@example.com,2024-05-03 21:02:39
122,warmkernel03,warmkernel03@acme.dev,2024-09-13 20:00:49
123,goldjourney13,goldjourney13@opswise.net,2025-07-20 17:25:15
124,briskriver37,briskriver37@opswise.net,2024-06-29 12:53:18
125,livelyorbit55,livelyorbit55@relay.cloud,2024-08-21 07:18:17
126,prouduplink98,prouduplink98@acme.dev,2025-04-27 13:28:30
127,warmisland79,warmisland79@seeded.app,2024-11-12 21:32:20
128,ivorybeacon16,ivorybeacon16@opswise.net,2025-05-10 05:58:05
129,goldjourney18,goldjourney18@example.com,2025-08-08 02:07:45
130,cobaltpioneer05,cobaltpioneer05@relay.cloud,2024-10-09 21:47:58
131,dawndelta34,dawndelta34@opswise.net,2024-01-13 15:03:27
132,ivorydelta14,ivorydelta14@opswise.net,2025-12-08 22:28:59
133,dawnlagoon98,dawnlagoon98@opswise.net,2025-10-05 12:49:51
134,vividdelta58,vividdelta58@seeded.app,2024-04-08 21:05:21
135,dawndelta51,dawndelta51@opswise.net,2024-03-30 15:48:20
136,opalkernel30,opalkernel30@relay.cloud,2024-06-09 22:29:59
137,warmdelta51,warmdelta51@seeded.app,2024-07-16 10:13:03
138,ivorymeadow36,ivorymeadow36@seeded.app,2025-02-09 08:40:31
139,urbanriver81,urbanriver81@opswise.net,2024-02-11 00:12:49
140,jadebeacon15,jadebeacon15@hackstack.io,2026-01-26 10:31:02
141,calmnetwork37,calmnetwork37@hackstack.io,2024-11-22 23:16:32
142,urbanyard56,urbanyard56@example.com,2025-06-07 08:15:55
143,forestmeadow13,forestmeadow13@example.com,2024-07-25 03:47:02
144,briskanchor04,briskanchor04@example.com,2025-12-26 22:24:00
145,proudyard55,proudyard55@example.com,2024-10-12 12:14:50
146,calmtrail56,calmtrail56@acme.dev,2025-07-08 22:30:12
147,briskwindow49,briskwindow49@relay.cloud,2024-09-19 16:28:11
148,warmharvest95,warmharvest95@hackstack.io,2025-04-15 13:14:44
149,opalengine11,opalengine11@relay.cloud,2024-02-10 13:40:04
150,quietengine35,quietengine35@example.com,2025-10-25 04:26:17
151,vividuplink36,vividuplink36@opswise.net,2024-10-08 20:47:35
152,ambervalley17,ambervalley17@acme.dev,2024-04-11 14:03:31
153,keenengine26,keenengine26@relay.cloud,2025-07-15 15:48:46
154,tidyriver57,tidyriver57@opswise.net,2025-10-16 05:02:01
155,calmcanyon13,calmcanyon13@relay.cloud,2025-12-06 05:59:09
156,opalwindow06,opalwindow06@seeded.app,2024-05-23 14:48:01
157,proudisland14,proudisland14@hackstack.io,2024-07-10 15:54:32
158,vividvalley36,vividvalley36@seeded.app,2025-11-27 22:00:25
159,keenorbit95,keenorbit95@opswise.net,2025-10-14 05:49:24
160,keenfield80,keenfield80@relay.cloud,2024-09-09 03:05:30
161,mellowjourney14,mellowjourney14@relay.cloud,2025-12-12 15:08:07
162,opalmeadow90,opalmeadow90@acme.dev,2026-01-26 03:56:01
163,keenisland52,keenisland52@acme.dev,2024-07-04 09:43:19
164,cleargarden71,cleargarden71@seeded.app,2024-02-24 23:55:11
165,vividorbit73,vividorbit73@example.com,2024-01-27 15:38:24
166,mellowmeadow26,mellowmeadow26@hackstack.io,2024-08-17 01:18:33
167,opalsignal38,opalsignal38@relay.cloud,2024-05-21 11:58:07
168,vividzenith86,vividzenith86@hackstack.io,2024-07-27 21:48:25
169,dawnfield11,dawnfield11@hackstack.io,2025-07-30 17:37:37
170,briskcanyon07,briskcanyon07@relay.cloud,2025-12-15 00:40:57
171,clearmeadow24,clearmeadow24@acme.dev,2025-09-21 10:07:26
172,tidyorbit08,tidyorbit08@acme.dev,2024-05-27 12:39:09
173,cobaltuplink64,cobaltuplink64@relay.cloud,2025-06-28 18:56:10
174,silverorbit88,silverorbit88@acme.dev,2025-08-14 17:03:35
175,cobaltmeadow37,cobaltmeadow37@acme.dev,2024-06-24 02:16:38
176,cobaltnetwork52,cobaltnetwork52@relay.cloud,2026-01-27 15:37:32
177,keenvalley24,keenvalley24@relay.cloud,2024-07-06 12:02:42
178,urbanfield80,urbanfield80@acme.dev,2024-10-04 02:53:18
179,rapidengine64,rapidengine64@example.com,2025-12-30 09:07:50
180,golddelta87,golddelta87@seeded.app,2025-05-31 11:24:39
181,tidyanchor20,tidyanchor20@seeded.app,2025-06-20 03:55:37
182,emberisland81,emberisland81@opswise.net,2025-02-10 18:38:36
183,dawnharvest99,dawnharvest99@example.com,2024-02-19 09:14:23
184,rapidpioneer23,rapidpioneer23@acme.dev,2024-03-26 11:27:42
185,vividtrail32,vividtrail32@opswise.net,2024-03-29 03:46:13
186,clearbeacon80,clearbeacon80@example.com,2024-07-26 01:16:16
187,clearwindow67,clearwindow67@example.com,2025-06-28 22:32:50
188,ivorywindow47,ivorywindow47@acme.dev,2025-01-19 21:41:56
189,quietlagoon88,quietlagoon88@relay.cloud,2024-10-09 02:10:02
190,harborisland78,harborisland78@acme.dev,2025-04-14 12:07:25
191,opalgarden91,opalgarden91@example.com,2024-02-26 11:34:36
192,embervalley55,embervalley55@opswise.net,2025-10-07 20:03:10
193,keenisland83,keenisland83@relay.cloud,2025-04-04 23:48:26
194,keenquartz98,keenquartz98@acme.dev,2025-02-28 05:24:45
195,keenbeacon70,keenbeacon70@example.com,2025-11-04 15:11:31
196,jadedelta16,jadedelta16@seeded.app,2026-01-14 23:27:43
197,dawnanchor67,dawnanchor67@acme.dev,2024-03-18 13:29:40
198,livelywindow49,livelywindow49@example.com,2025-02-11 07:39:53
199,forestharvest67,forestharvest67@example.com,2024-01-16 13:20:52
200,harborzenith98,harborzenith98@hackstack.io,2025-02-24 01:17:44
201,livelypioneer98,livelypioneer98@hackstack.io,2025-04-18 15:41:32
202,jadedelta72,jadedelta72@example.com,2025-12-30 06:29:36
203,opalharvest25,opalharvest25@example.com,2024-03-02 06:20:46
204,vividyard66,vividyard66@example.com,2024-05-28 14:24:06
205,keenengine48,keenengine48@opswise.net,2024-02-27 07:00:25
206,ambergarden98,ambergarden98@opswise.net,2025-06-19 00:47:51
207,amberorbit75,amberorbit75@hackstack.io,2025-03-02 20:47:03
208,cobaltcanyon37,cobaltcanyon37@acme.dev,2024-07-22 07:42:00
209,urbanpioneer35,urbanpioneer35@seeded.app,2026-01-17 23:31:49
210,harborpioneer09,harborpioneer09@opswise.net,2025-06-13 09:59:42
211,urbanjourney46,urbanjourney46@opswise.net,2025-04-22 20:53:01
212,keenbeacon30,keenbeacon30@example.com,2024-03-09 16:26:01
213,navyriver50,navyriver50@relay.cloud,2024-03-11 21:12:29
214,silverquartz46,silverquartz46@relay.cloud,2024-09-18 04:25:12
215,navycanyon11,navycanyon11@opswise.net,2024-10-16 20:51:15
216,amberengine68,amberengine68@hackstack.io,2024-07-26 16:29:46
217,embernetwork63,embernetwork63@relay.cloud,2024-09-15 15:51:31
218,harborharvest21,harborharvest21@example.com,2024-01-01 14:24:16
219,harborisland49,harborisland49@acme.dev,2024-05-22 15:49:57
220,mellowbeacon53,mellowbeacon53@relay.cloud,2025-05-05 07:17:00
221,goldbeacon06,goldbeacon06@acme.dev,2025-01-19 14:47:09
222,briskwindow07,briskwindow07@relay.cloud,2024-12-22 23:20:16
223,quietuplink16,quietuplink16@hackstack.io,2024-03-31 03:58:43
224,briskcanyon76,briskcanyon76@hackstack.io,2025-04-25 13:17:16
225,urbannetwork89,urbannetwork89@hackstack.io,2026-01-08 15:25:23
226,vividpioneer15,vividpioneer15@acme.dev,2025-01-16 17:05:51
227,cleargarden71,cleargarden71@acme.dev,2025-12-02 23:15:53
228,emberzenith86,emberzenith86@example.com,2025-06-30 13:02:41
229,vividlagoon47,vividlagoon47@hackstack.io,2025-03-31 15:12:34
230,amberwindow12,amberwindow12@acme.dev,2025-03-28 10:21:40
231,quietriver38,quietriver38@seeded.app,2025-09-17 06:04:42
232,dawnwindow30,dawnwindow30@opswise.net,2025-03-16 10:14:23
233,ivoryyard94,ivoryyard94@example.com,2025-05-11 12:32:13
234,jadewindow87,jadewindow87@hackstack.io,2024-02-06 01:37:58
235,goldwindow31,goldwindow31@acme.dev,2024-07-24 08:17:23
236,keentrail50,keentrail50@acme.dev,2025-04-04 19:01:01
237,vividuplink01,vividuplink01@relay.cloud,2024-02-11 13:59:33
238,emberjourney63,emberjourney63@opswise.net,2025-06-14 04:26:19
239,vividkernel37,vividkernel37@seeded.app,2024-05-23 23:09:35
240,amberengine46,amberengine46@acme.dev,2025-06-15 02:53:27
241,opaltrail02,opaltrail02@relay.cloud,2026-01-27 19:35:55
242,keengarden03,keengarden03@hackstack.io,2024-12-12 15:06:13
243,navynetwork66,navynetwork66@hackstack.io,2025-01-03 16:52:45
244,rapidjourney83,rapidjourney83@hackstack.io,2025-05-02 00:29:44
245,harborcanyon27,harborcanyon27@acme.dev,2025-02-14 11:45:54
246,calmanchor87,calmanchor87@seeded.app,2025-05-16 08:35:46
247,silverfield12,silverfield12@hackstack.io,2025-12-08 00:15:45
248,urbanquartz32,urbanquartz32@opswise.net,2024-02-23 20:55:20
249,harborjourney87,harborjourney87@relay.cloud,2024-10-11 03:48:09
250,navykernel08,navykernel08@example.com,2024-04-17 21:04:56
251,goldquartz03,goldquartz03@acme.dev,2025-04-09 08:38:02
252,quietvalley38,quietvalley38@hackstack.io,2024-09-29 00:59:36
253,proudnetwork44,proudnetwork44@opswise.net,2024-01-26 22:47:57
254,brisksignal73,brisksignal73@relay.cloud,2024-07-19 14:16:37
255,ivoryriver48,ivoryriver48@relay.cloud,2024-06-16 08:03:54
256,mellowquartz90,mellowquartz90@acme.dev,2025-02-11 07:54:04
257,rapidisland44,rapidisland44@relay.cloud,2025-08-29 16:24:08
258,calmbeacon41,calmbeacon41@acme.dev,2025-11-17 07:28:37
259,tidyjourney26,tidyjourney26@seeded.app,2025-12-21 04:08:21
260,briskanchor46,briskanchor46@seeded.app,2024-02-28 02:12:36
261,ambernetwork51,ambernetwork51@hackstack.io,2025-08-29 21:25:29
262,amberharvest26,amberharvest26@seeded.app,2025-01-12 21:06:51
263,ivorysignal89,ivorysignal89@acme.dev,2024-12-16 11:52:10
264,warmdelta27,warmdelta27@relay.cloud,2025-02-16 17:30:26
265,livelycanyon94,livelycanyon94@opswise.net,2024-12-04 22:34:47
266,goldkernel95,goldkernel95@seeded.app,2025-01-28 20:04:45
267,dawnriver97,dawnriver97@hackstack.io,2025-03-30 14:49:22
268,keenriver89,keenriver89@relay.cloud,2024-12-22 04:03:41
269,quietengine26,quietengine26@relay.cloud,2024-04-19 15:40:20
270,cobaltisland22,cobaltisland22@relay.cloud,2025-03-28 11:58:23
271,cobaltdelta02,cobaltdelta02@hackstack.io,2024-02-06 00:30:22
272,ivorydelta47,ivorydelta47@relay.cloud,2025-12-10 00:35:56
273,mellowcanyon05,mellowcanyon05@seeded.app,2025-07-24 09:39:44
274,tidyriver37,tidyriver37@opswise.net,2024-05-26 00:46:55
275,rapidorbit69,rapidorbit69@relay.cloud,2025-08-01 01:54:55
276,urbansignal83,urbansignal83@opswise.net,2025-05-18 23:19:46
277,dawnisland03,dawnisland03@seeded.app,2026-01-21 02:49:05
278,briskengine14,briskengine14@opswise.net,2026-01-24 05:46:58
279,navycanyon82,navycanyon82@acme.dev,2024-01-27 16:32:23
280,goldkernel60,goldkernel60@seeded.app,2026-01-02 01:53:04
281,jadeuplink80,jadeuplink80@opswise.net,2025-03-09 02:18:12
282,forestanchor33,forestanchor33@opswise.net,2024-12-07 18:37:24
283,navypioneer77,navypioneer77@acme.dev,2026-01-20 16:51:28
284,keenengine40,keenengine40@seeded.app,2024-12-13 01:24:14
285,navyuplink79,navyuplink79@relay.cloud,2025-01-26 12:14:42
286,keenanchor53,keenanchor53@hackstack.io,2024-07-25 00:08:33
287,calmanchor06,calmanchor06@seeded.app,2024-12-09 15:46:47
288,goldmeadow13,goldmeadow13@seeded.app,2024-12-30 10:11:50
289,opalanchor29,opalanchor29@hackstack.io,2025-03-28 20:32:04
290,harborisland46,harborisland46@seeded.app,2024-12-14 09:31:24
291,goldengine09,goldengine09@seeded.app,2025-10-29 23:47:28
292,mellowfield91,mellowfield91@example.com,2025-12-21 22:05:24
293,jadenetwork88,jadenetwork88@relay.cloud,2025-09-17 18:50:36
294,quietquartz47,quietquartz47@relay.cloud,2024-07-16 18:39:56
295,warmzenith93,warmzenith93@acme.dev,2025-11-23 06:08:13
296,clearpioneer21,clearpioneer21@acme.dev,2025-05-01 22:47:37
297,briskquartz17,briskquartz17@relay.cloud,2024-03-17 22:30:18
298,clearmeadow27,clearmeadow27@example.com,2026-02-01 09:23:29
299,vividcanyon13,vividcanyon13@opswise.net,2025-10-20 18:58:23
300,urbanfield54,urbanfield54@acme.dev,2025-08-23 18:19:23
301,ivoryharvest11,ivoryharvest11@hackstack.io,2024-01-13 04:30:15
302,cobaltwindow70,cobaltwindow70@acme.dev,2024-06-01 19:34:00
303,urbannetwork36,urbannetwork36@opswise.net,2024-03-09 01:20:32
304,emberanchor26,emberanchor26@acme.dev,2025-11-09 21:10:07
305,livelyanchor09,livelyanchor09@opswise.net,2024-09-18 02:32:14
306,livelyuplink04,livelyuplink04@relay.cloud,2025-01-04 15:39:24
307,proudvalley38,proudvalley38@seeded.app,2024-12-10 15:27:07
308,emberquartz89,emberquartz89@relay.cloud,2024-06-29 12:03:33
309,tidycanyon21,tidycanyon21@relay.cloud,2024-12-02 13:58:40
310,cobaltyard97,cobaltyard97@opswise.net,2025-06-16 12:09:09
311,vividvalley46,vividvalley46@seeded.app,2024-07-15 02:50:21
312,cleardelta03,cleardelta03@opswise.net,2024-07-13 10:10:53
313,jadewindow10,jadewindow10@hackstack.io,2024-04-28 08:23:47
314,silveruplink17,silveruplink17@seeded.app,2025-09-17 22:20:59
315,opalanchor09,opalanchor09@seeded.app,2024-11-17 08:12:28
316,ivorymeadow94,ivorymeadow94@example.com,2025-08-27 23:12:48
317,dawndelta64,dawndelta64@acme.dev,2025-05-27 17:30:20
318,calmengine80,calmengine80@opswise.net,2025-08-25 03:11:13
319,rapidharvest52,rapidharvest52@example.com,2024-11-10 15:20:19
320,tidyisland22,tidyisland22@seeded.app,2024-02-23 15:41:24
321,cobaltyard00,cobaltyard00@relay.cloud,2024-03-18 23:31:08
322,rapidbeacon09,rapidbeacon09@relay.cloud,2024-03-08 13:21:15
323,embercanyon66,embercanyon66@seeded.app,2024-05-07 15:14:37
324,embergarden58,embergarden58@acme.dev,2024-01-14 20:34:24
325,silverpioneer76,silverpioneer76@relay.cloud,2025-02-20 00:54:18
326,mellowuplink00,mellowuplink00@relay.cloud,2024-09-09 04:10:44
327,dawnyard53,dawnyard53@relay.cloud,2025-05-12 14:09:10
328,keenzenith47,keenzenith47@relay.cloud,2025-09-20 13:36:39
329,youngisland72,youngisland72@acme.dev,2024-08-24 02:54:38
330,calmvalley13,calmvalley13@seeded.app,2026-01-28 20:00:25
331,forestsignal97,forestsignal97@example.com,2025-08-09 15:59:17
332,calmvalley80,calmvalley80@opswise.net,2024-05-27 08:24:47
333,navyharvest23,navyharvest23@example.com,2025-04-24 18:12:23
334,emberuplink90,emberuplink90@relay.cloud,2024-09-24 20:04:04
335,ambergarden51,ambergarden51@example.com,2024-07-07 23:21:59
336,warmsignal15,warmsignal15@opswise.net,2024-10-13 00:23:39
337,youngzenith66,youngzenith66@hackstack.io,2025-12-16 14:02:41
338,livelyjourney73,livelyjourney73@hackstack.io,2024-11-14 03:43:31
339,livelybeacon81,livelybeacon81@example.com,2025-08-18 01:44:58
340,quietanchor39,quietanchor39@opswise.net,2024-12-20 20:37:53
341,opalyard42,opalyard42@hackstack.io,2024-03-05 10:55:56
342,navyengine11,navyengine11@example.com,2024-06-08 08:43:40
343,cobaltfield37,cobaltfield37@example.com,2024-06-12 09:30:12
344,emberengine17,emberengine17@hackstack.io,2025-12-25 14:51:23
345,proudtrail03,proudtrail03@relay.cloud,2025-10-30 23:40:29
346,keenwindow86,keenwindow86@acme.dev,2024-06-03 21:13:43
347,cobaltriver15,cobaltriver15@opswise.net,2024-01-25 19:30:17
348,clearbeacon71,clearbeacon71@seeded.app,2025-10-24 16:06:37
349,youngisland71,youngisland71@hackstack.io,2025-07-13 00:31:04
350,navyfield34,navyfield34@acme.dev,2025-05-23 09:30:27
351,navyvalley75,navyvalley75@opswise.net,2025-11-09 02:39:11
352,harborengine04,harborengine04@opswise.net,2025-08-04 12:45:33
353,ivorygarden08,ivorygarden08@example.com,2025-09-11 20:28:09
354,jadeorbit78,jadeorbit78@acme.dev,2025-03-31 01:46:36
355,mellowzenith45,mellowzenith45@hackstack.io,2024-12-03 00:30:08
356,dawnfield54,dawnfield54@acme.dev,2024-01-26 15:50:41
357,keentrail09,keentrail09@opswise.net,2026-01-27 16:42:07
358,ambernetwork08,ambernetwork08@example.com,2025-11-25 06:09:42
359,goldjourney12,goldjourney12@seeded.app,2025-03-20 05:22:10
360,livelycanyon44,livelycanyon44@opswise.net,2024-02-09 21:17:23
361,clearwindow83,clearwindow83@example.com,2024-11-22 03:07:28
362,goldwindow58,goldwindow58@seeded.app,2025-03-09 21:50:58
363,navyuplink41,navyuplink41@example.com,2025-03-17 08:29:31
364,livelyanchor00,livelyanchor00@hackstack.io,2024-01-15 04:45:04
365,quietzenith91,quietzenith91@seeded.app,2024-09-06 12:29:05
366,silverharvest36,silverharvest36@opswise.net,2024-02-16 22:00:43
367,dawnjourney86,dawnjourney86@acme.dev,2024-05-30 20:42:46
368,ivoryuplink02,ivoryuplink02@opswise.net,2025-11-24 10:26:17
369,cobaltyard05,cobaltyard05@hackstack.io,2026-01-15 06:56:49
370,calmsignal59,calmsignal59@opswise.net,2024-06-29 09:46:20
371,cobaltkernel23,cobaltkernel23@example.com,2024-01-13 03:13:26
372,dawnpioneer86,dawnpioneer86@example.com,2024-03-01 04:03:05
373,silverkernel36,silverkernel36@hackstack.io,2025-11-30 02:00:24
374,jadeisland81,jadeisland81@example.com,2024-03-29 16:50:26
375,younggarden38,younggarden38@opswise.net,2024-08-31 10:23:50
376,dawnvalley46,dawnvalley46@acme.dev,2024-04-24 03:25:06
377,navygarden68,navygarden68@hackstack.io,2025-08-14 11:39:48
378,vividbeacon70,vividbeacon70@example.com,2024-07-31 22:31:35
379,mellowbeacon03,mellowbeacon03@hackstack.io,2024-11-07 01:21:05
380,cobaltquartz87,cobaltquartz87@acme.dev,2025-09-30 06:51:51
381,cobaltwindow42,cobaltwindow42@opswise.net,2025-10-20 18:11:23
382,silverriver38,silverriver38@seeded.app,2024-08-22 11:17:13
383,vividengine28,vividengine28@relay.cloud,2024-03-27 16:18:13
384,navypioneer72,navypioneer72@seeded.app,2025-05-07 07:33:28
385,keencanyon88,keencanyon88@seeded.app,2025-11-30 15:09:13
386,emberfield57,emberfield57@opswise.net,2025-01-05 16:26:15
387,tidytrail03,tidytrail03@opswise.net,2025-08-18 05:22:56
388,opaluplink21,opaluplink21@opswise.net,2024-05-15 04:51:41
389,opalorbit32,opalorbit32@relay.cloud,2024-08-11 00:16:07
390,embergarden23,embergarden23@seeded.app,2026-01-03 22:47:45
391,forestzenith50,forestzenith50@opswise.net,2025-12-08 13:36:33
392,clearwindow44,clearwindow44@hackstack.io,2025-05-30 23:28:34
393,ivorytrail32,ivorytrail32@hackstack.io,2025-05-21 21:41:10
394,ivorymeadow96,ivorymeadow96@acme.dev,2024-09-26 01:56:58
395,jadezenith80,jadezenith80@seeded.app,2025-04-29 16:39:33
396,vividsignal75,vividsignal75@acme.dev,2024-08-20 13:24:39
397,tidyisland67,tidyisland67@acme.dev,2025-08-26 17:14:17
398,keenanchor39,keenanchor39@acme.dev,2025-04-17 18:22:17
399,briskuplink70,briskuplink70@opswise.net,2024-04-14 23:28:20
400,tidyengine61,tidyengine61@example.com,2025-01-14 11:38:52
